,time,age,round,game_id,text,attacker,aggression,target
0,2020-04-09 09:06:50,IV,20,7472434,"Orange plays Raid against Grey#Destroy up to three of a rival's urban buildings of the same type and level. You produce resources equal to half the buildings' cost, rounded down. 3 military actions used #",Orange,Raid,Grey
1,2020-04-08 21:40:05,IV,19,7472434,Grey plays Plunder against Purple#A rival loses a total of 8 resources/food (your choice). You produce that many resources/food. 2 military actions used #,Grey,Plunder,Purple
2,2020-04-08 20:47:34,III,19,7472434,Orange plays Armed Intervention against Purple#A rival loses 7 culture. You score 7 culture. 2 military actions used #,Orange,Armed Intervention,Purple
3,2020-04-08 20:15:58,III,18,7472434,Green plays Armed Intervention against Purple#A rival loses 7 culture. You score 7 culture. 2 military actions used #,Green,Armed Intervention,Purple
4,2020-04-08 17:33:44,III,17,7472434,Purple plays Armed Intervention against Grey#A rival loses 7 culture. You score 7 culture. 2 military actions used #,Purple,Armed Intervention,Grey
5,2020-04-08 11:32:12,III,16,7472434,"Purple plays Raid against Grey#Destroy up to two of a rival's urban buildings of the same type and level. You produce resources equal to half the buildings' cost, rounded down. 2 military actions used #",Purple,Raid,Grey
6,2020-04-08 11:13:52,III,16,7472434,Orange plays Armed Intervention against Grey#A rival loses 7 culture. You score 7 culture. 2 military actions used #,Orange,Armed Intervention,Grey
7,2020-04-07 20:50:44,III,15,7472434,Green plays Sabotage against Grey#A rival discards a wonder under construction. This costs you military actions equal to the level of the wonder. You score three times that many culture. 2 military actions used #,Green,Sabotage,Grey
8,2020-04-07 12:41:28,II,12,7472434,Green plays Assassinate against Grey#Make a rival discard its leader. This card costs a number of military actions equal to the level of the leader. You score three times that many culture. 1 military actions used #,Green,Assassinate,Grey
9,2020-04-07 12:34:47,II,12,7472434,Purple plays Sabotage against Grey#A rival discards a wonder under construction. This costs you military actions equal to the level of the wonder. You score three times that many culture. 1 military actions used Sacrificed Units: 1 Knights #,Purple,Sabotage,Grey
10,2020-04-06 22:09:30,II,10,7472434,Orange plays Plunder against Purple#A rival loses a total of 5 resources/food (your choice). You produce that many resources/food. 2 military actions used Sacrificed Units: 1 Warrior #,Orange,Plunder,Purple
11,2020-04-06 13:37:01,I,5,7472434,Green plays Enslave against Orange#Make a rival decrease his population. Your civilization produces 3 resources. 2 military actions used #,Green,Enslave,Orange
12,2020-04-05 22:11:42,I,4,7472434,Purple plays Plunder against Grey#A rival loses a total of 3 resources/food (your choice). You produce that many resources/food. 2 military actions used #,Purple,Plunder,Grey
13,2020-04-09 18:39:03,IV,18,7473200,Grey plays Armed Intervention against Green#A rival loses 7 culture. You score 7 culture. 2 military actions used #,Grey,Armed Intervention,Green
14,2020-04-09 17:11:39,III,17,7473200,Purple plays Plunder against Grey#A rival loses a total of 8 resources/food (your choice). You produce that many resources/food. 2 military actions used #,Purple,Plunder,Grey
15,2020-04-09 16:59:07,III,17,7473200,Orange plays Plunder against Grey#A rival loses a total of 5 resources/food (your choice). You produce that many resources/food. 2 military actions used #,Orange,Plunder,Grey
16,2020-04-09 11:24:51,III,14,7473200,"Purple plays Raid against Grey#Destroy up to two of a rival's urban buildings of the same type and level. You produce resources equal to half the buildings' cost, rounded down. 2 military actions used #",Purple,Raid,Grey
17,2020-04-07 23:04:31,I,8,7473200,"Orange plays Raid against Green#Destroy one of a rival's urban buildings. You produce resources equal to half the building's cost, rounded up. 1 military actions used #",Orange,Raid,Green
18,2020-04-07 13:51:16,I,6,7473200,Orange plays Plunder against Green#A rival loses a total of 3 resources/food (your choice). You produce that many resources/food. 2 military actions used Sacrificed Units: 1 Warrior #,Orange,Plunder,Green
19,2020-04-14 18:11:34,IV,19,7473404,Grey plays Armed Intervention against Green#Take up to 7 culture from your rival. Grey uses 2 military action #,Grey,Armed Intervention,Green
20,2020-04-14 16:29:27,IV,18,7473404,Grey plays Plunder against Purple#Your rival loses a total of up to 7 resource and/or food (your choice). You gain that many resource and food. Grey uses 1 military action #,Grey,Plunder,Purple
21,2020-04-14 13:46:56,III,18,7473404,"Green plays Raid against Purple#Destroy up to 2 of your rival's urban buildings: one of age III or older and one of age II or older. You gain resources equal to half their total cost, rounded up. Green uses 3 military action #",Green,Raid,Purple
22,2020-04-14 13:11:27,III,18,7473404,Orange plays Armed Intervention against Grey#Take up to 7 culture from your rival. Orange uses 2 military action #,Orange,Armed Intervention,Grey
23,2020-04-13 18:21:20,III,16,7473404,"Orange plays Raid against Purple#Destroy up to 2 of your rival's urban buildings: one of age III or older and one of age II or older. You gain resources equal to half their total cost, rounded up. Orange uses 3 military action #",Orange,Raid,Purple
24,2020-04-13 17:54:37,III,15,7473404,Grey plays Spy against Purple#A rival loses up to 5 science. You score that many science. Grey uses 1 military action #,Grey,Spy,Purple
25,2020-04-13 17:10:12,III,15,7473404,Orange plays Plunder against Grey#Your rival loses a total of up to 5 resource and/or food (your choice). You gain that many resource and food. Orange uses 1 military action #,Orange,Plunder,Grey
26,2020-04-13 11:12:47,II,12,7473404,Orange plays Plunder against Green#Your rival loses a total of up to 5 resource and/or food (your choice). You gain that many resource and food. Orange uses 1 military action #,Orange,Plunder,Green
27,2020-04-12 18:43:17,II,9,7473404,"Grey plays Raid against Orange#Destroy one of your rival's age A or age I urban building. You gain resources equal to half its cost, rounded up. Grey uses 1 military action #",Grey,Raid,Orange
28,2020-04-12 00:13:50,II,8,7473404,Grey plays Enslave against Purple#Your rival loses 1 population. You gain 2 food and 2 resources. Grey uses 2 military action #,Grey,Enslave,Purple
29,2020-04-21 15:23:18,III,16,7473814,Green plays Plunder against Orange#Your rival loses a total of up to 5 resource and/or food (your choice). You gain that many resource and food. Green uses 1 military action #,Green,Plunder,Orange
30,2020-04-21 14:00:51,III,16,7473814,Orange plays Plunder against Purple#Your rival loses a total of up to 7 resource and/or food (your choice). You gain that many resource and food. Orange uses 1 military action #,Orange,Plunder,Purple
31,2020-04-21 11:19:40,III,15,7473814,Green plays Infiltrate against Orange#Remove your rival's leader or incomplete wonder from play. You score 3 culture per level of the discarded card. Green uses 2 military action #,Green,Infiltrate,Orange
32,2020-04-21 10:23:47,III,14,7473814,Green plays Spy against Purple#A rival loses up to 5 science. You score that many science. Green uses 1 military action #,Green,Spy,Purple
33,2020-04-20 17:29:49,II,12,7473814,Grey plays Plunder against Orange#Your rival loses a total of up to 5 resource and/or food (your choice). You gain that many resource and food. Grey uses 1 military action #,Grey,Plunder,Orange
34,2020-04-17 11:33:08,I,7,7473814,"Green plays Raid against Grey#Destroy one of your rival's age A or age I urban building. You gain resources equal to half its cost, rounded up. Green uses 1 military action #",Green,Raid,Grey
35,2020-04-16 16:39:07,I,6,7473814,Purple plays Enslave against Grey#Your rival loses 1 population. You gain 2 food and 2 resources. Purple uses 2 military action #,Purple,Enslave,Grey
36,2020-04-29 17:49:14,IV,18,7474472,"Grey plays Raid against Orange#Destroy up to 2 of your rival's urban buildings: one of age III or older and one of age II or older. You gain resources equal to half their total cost, rounded up. Grey uses 3 military action #",Grey,Raid,Orange
37,2020-04-29 11:06:17,IV,17,7474472,Green plays Armed Intervention against Purple#Take up to 7 culture from your rival. Green uses 4 military action #,Green,Armed Intervention,Purple
38,2020-04-28 20:22:21,III,16,7474472,"Green plays Raid against Grey#Destroy up to 2 of your rival's urban buildings: one of age II or older and one of age I or older. You gain resources equal to half their total cost, rounded up. Green uses 2 military action #",Green,Raid,Grey
39,2020-04-28 17:45:16,III,16,7474472,Orange plays Infiltrate against Grey#Remove your rival's leader or incomplete wonder from play. You score 3 culture per level of the discarded card. Orange uses 2 military action #,Orange,Infiltrate,Grey
40,2020-04-28 14:44:46,III,15,7474472,Orange plays Plunder against Green#Your rival loses a total of up to 7 resource and/or food (your choice). You gain that many resource and food. Orange uses 1 military action #,Orange,Plunder,Green
41,2020-04-27 16:50:41,III,12,7474472,Grey plays Annex against Orange#Take one colony from a rival. You gain (and he loses) its permanent bonuses but ignore any one-time gains. Grey uses 2 military action #,Grey,Annex,Orange
42,2020-04-27 12:05:54,II,11,7474472,Orange plays Spy against Green#A rival loses up to 5 science. You score that many science. Orange uses 1 military action #,Orange,Spy,Green
43,2020-04-27 11:38:40,II,10,7474472,"Purple plays Raid against Green#Destroy one of your rival's age A or age I urban building. You gain resources equal to half its cost, rounded up. Purple uses 1 military action #",Purple,Raid,Green
44,2020-05-04 20:43:56,III,16,7474996,Grey plays Plunder against Orange#Your rival loses a total of up to 5 resource and/or food (your choice). You gain that many resource and food. Grey uses 2 military action #,Grey,Plunder,Orange
45,2020-05-04 14:30:25,III,15,7474996,Grey plays Plunder against Orange#Your rival loses a total of up to 7 resource and/or food (your choice). You gain that many resource and food. Grey uses 2 military action #,Grey,Plunder,Orange
46,2020-05-04 06:59:04,III,14,7474996,Green plays Armed Intervention against Grey#Take up to 7 culture from your rival. Green uses 2 military action #,Green,Armed Intervention,Grey
47,2020-05-03 15:08:52,III,13,7474996,"Green plays Raid against Grey#Destroy up to 2 of your rival's urban buildings: one of age II or older and one of age I or older. You gain resources equal to half their total cost, rounded up. Green uses 2 military action #",Green,Raid,Grey
48,2020-05-02 21:45:52,II,12,7474996,Green plays Spy against Grey#A rival loses up to 5 science. You score that many science. Green uses 1 military action #,Green,Spy,Grey
49,2020-05-02 10:32:34,II,11,7474996,Purple plays Infiltrate against Green#Remove your rival's leader or incomplete wonder from play. You score 3 culture per level of the discarded card. Purple uses 2 military action #,Purple,Infiltrate,Green
50,2020-05-02 07:35:26,II,11,7474996,Orange plays Annex against Grey#Take one colony from a rival. You gain (and he loses) its permanent bonuses but ignore any one-time gains. Orange uses 2 military action #,Orange,Annex,Grey
51,2020-05-01 16:36:24,II,9,7474996,"Purple plays Raid against Green#Destroy one of your rival's age A or age I urban building. You gain resources equal to half its cost, rounded up. Purple uses 1 military action #",Purple,Raid,Green
52,2020-05-16 18:56:42,IV,18,7475368,Orange plays Armed Intervention against Green#Take up to 7 culture from your rival. Orange uses 2 military action #,Orange,Armed Intervention,Green
53,2020-05-16 13:52:24,IV,17,7475368,Green plays Armed Intervention against Grey#Take up to 7 culture from your rival. Green uses 2 military action #,Green,Armed Intervention,Grey
54,2020-05-15 20:30:46,III,15,7475368,Purple plays Infiltrate against Grey#Remove your rival's leader or incomplete wonder from play. You score 3 culture per level of the discarded card. Purple uses 2 military action #,Purple,Infiltrate,Grey
55,2020-05-15 11:06:03,III,13,7475368,"Green plays Raid against Grey#Destroy up to 2 of your rival's urban buildings: one of age II or older and one of age I or older. You gain resources equal to half their total cost, rounded up. Green uses 2 military action #",Green,Raid,Grey
56,2020-05-15 10:57:08,III,13,7475368,Purple plays Annex against Grey#Take one colony from a rival. You gain (and he loses) its permanent bonuses but ignore any one-time gains. Purple uses 2 military action #,Purple,Annex,Grey
57,2020-05-15 10:45:04,III,13,7475368,Orange plays Spy against Grey#A rival loses up to 5 science. You score that many science. Orange uses 1 military action #,Orange,Spy,Grey
58,2020-05-14 19:56:35,II,12,7475368,Purple plays Spy against Grey#A rival loses up to 5 science. You score that many science. Purple uses 1 military action #,Purple,Spy,Grey
59,2020-05-14 12:38:37,II,10,7475368,Orange plays Plunder against Grey#Your rival loses a total of up to 5 resource and/or food (your choice). You gain that many resource and food. Orange uses 1 military action #,Orange,Plunder,Grey
60,2020-05-11 18:31:21,IV,18,7475369,Grey plays Armed Intervention against Purple#Take up to 7 culture from your rival. Grey uses 4 military action #,Grey,Armed Intervention,Purple
61,2020-05-11 18:10:35,IV,18,7475369,Green plays Plunder against Purple#Your rival loses a total of up to 7 resource and/or food (your choice). You gain that many resource and food. Green uses 2 military action #,Green,Plunder,Purple
62,2020-05-11 17:07:38,IV,18,7475369,Orange plays Armed Intervention against Purple#Take up to 7 culture from your rival. Orange uses 4 military action #,Orange,Armed Intervention,Purple
63,2020-05-11 16:50:12,III,17,7475369,Grey plays Armed Intervention against Purple#Take up to 7 culture from your rival. Grey uses 4 military action Military Alliance is cancelled #,Grey,Armed Intervention,Purple
64,2020-05-11 12:57:24,III,14,7475369,"Green plays Raid against Purple#Destroy up to 2 of your rival's urban buildings: one of age II or older and one of age I or older. You gain resources equal to half their total cost, rounded up. Green uses 2 military action #",Green,Raid,Purple
65,2020-05-11 11:33:11,III,13,7475369,Purple plays Infiltrate against Grey#Remove your rival's leader or incomplete wonder from play. You score 3 culture per level of the discarded card. Purple uses 2 military action #,Purple,Infiltrate,Grey
66,2020-05-11 10:44:02,II,12,7475369,Green plays Spy against Grey#A rival loses up to 5 science. You score that many science. Green uses 1 military action #,Green,Spy,Grey
67,2020-05-09 16:46:37,II,8,7475369,Green plays Spy against Purple#A rival loses up to 5 science. You score that many science. Green uses 1 military action #,Green,Spy,Purple
68,2020-05-09 15:26:45,II,8,7475369,Orange plays Enslave against Purple#Your rival loses 1 population. You gain 2 food and 2 resources. Orange uses 2 military action #,Orange,Enslave,Purple
69,2020-05-27 14:01:23,IV,19,7476107,Grey plays Armed Intervention against Purple#Take up to 7 culture from your rival. Grey uses 2 military action #,Grey,Armed Intervention,Purple
70,2020-05-27 13:41:29,IV,19,7476107,Purple plays Plunder against Green#Your rival loses a total of up to 7 resource and/or food (your choice). You gain that many resource and food. Purple uses 1 military action #,Purple,Plunder,Green
71,2020-05-27 12:44:06,III,18,7476107,Orange plays Armed Intervention against Green#Take up to 7 culture from your rival. Orange uses 2 military action #,Orange,Armed Intervention,Green
72,2020-05-27 10:39:45,III,17,7476107,Orange plays Armed Intervention against Green#Take up to 7 culture from your rival. Orange uses 2 military action #,Orange,Armed Intervention,Green
73,2020-05-23 23:35:46,III,14,7476107,"Orange plays Raid against Purple#Destroy up to 2 of your rival's urban buildings: one of age II or older and one of age I or older. You gain resources equal to half their total cost, rounded up. Orange uses 2 military action #",Orange,Raid,Purple
74,2020-05-23 09:58:15,II,13,7476107,"Orange plays Raid against Green#Destroy up to 2 of your rival's urban buildings: one of age II or older and one of age I or older. You gain resources equal to half their total cost, rounded up. Orange uses 2 military action #",Orange,Raid,Green
75,2020-05-21 11:05:38,II,11,7476107,Orange plays Plunder against Purple#Your rival loses a total of up to 5 resource and/or food (your choice). You gain that many resource and food. Orange uses 1 military action #,Orange,Plunder,Purple
76,2020-05-19 11:55:18,II,8,7476107,"Purple plays Raid against Green#Destroy one of your rival's age A or age I urban building. You gain resources equal to half its cost, rounded up. Purple uses 1 military action #",Purple,Raid,Green
77,2020-05-19 08:09:12,II,8,7476107,Orange plays Enslave against Green#Your rival loses 1 population. You gain 2 food and 2 resources. Orange uses 2 military action #,Orange,Enslave,Green
78,2020-05-18 17:09:08,I,6,7476107,Orange plays Plunder against Green#Your rival loses a total of up to 3 resource and/or food (your choice). You gain that many resource and food. Orange uses 1 military action #,Orange,Plunder,Green
79,2020-05-17 18:45:01,I,5,7476107,"Orange plays Raid against Green#Destroy one of your rival's age A or age I urban building. You gain resources equal to half its cost, rounded up. Orange uses 1 military action #",Orange,Raid,Green
80,2020-05-17 16:43:47,I,4,7476107,Orange plays Plunder against Green#Your rival loses a total of up to 3 resource and/or food (your choice). You gain that many resource and food. Orange uses 1 military action #,Orange,Plunder,Green
81,2020-05-29 14:58:06,III,15,7476793,Purple plays Infiltrate against Grey#Remove your rival's leader or incomplete wonder from play. You score 3 culture per level of the discarded card. Purple uses 2 military action #,Purple,Infiltrate,Grey
82,2020-05-29 14:50:53,III,15,7476793,Orange plays Armed Intervention against Green#Take up to 7 culture from your rival. Orange uses 2 military action #,Orange,Armed Intervention,Green
83,2020-05-29 12:32:33,III,12,7476793,"Grey plays Raid against Green#Destroy up to 2 of your rival's urban buildings: one of age II or older and one of age I or older. You gain resources equal to half their total cost, rounded up. Grey uses 2 military action #",Grey,Raid,Green
84,2020-05-29 10:05:19,II,10,7476793,Green plays Spy against Grey#A rival loses up to 5 science. You score that many science. Green uses 1 military action #,Green,Spy,Grey
85,2020-05-29 09:56:51,II,10,7476793,Purple plays Plunder against Grey#Your rival loses a total of up to 5 resource and/or food (your choice). You gain that many resource and food. Purple uses 1 military action #,Purple,Plunder,Grey
86,2020-05-29 09:35:47,II,10,7476793,"Orange plays Raid against Grey#Destroy one of your rival's age A or age I urban building. You gain resources equal to half its cost, rounded up. Orange uses 1 military action Promise of Military Protection is cancelled #",Orange,Raid,Grey
87,2020-05-28 17:40:10,I,7,7476793,"Orange plays Raid against Grey#Destroy one of your rival's age A or age I urban building. You gain resources equal to half its cost, rounded up. Orange uses 1 military action #",Orange,Raid,Grey
88,2020-05-28 17:19:32,I,6,7476793,Green plays Plunder against Grey#Your rival loses a total of up to 3 resource and/or food (your choice). You gain that many resource and food. Green uses 1 military action #,Green,Plunder,Grey
89,2020-06-02 18:26:27,IV,17,7476918,Orange plays Armed Intervention against Purple#Take up to 7 culture from your rival. Orange uses 2 military action #,Orange,Armed Intervention,Purple
90,2020-06-02 16:25:01,III,16,7476918,"Orange plays Raid against Purple#Destroy up to 2 of your rival's urban buildings: one of age II or older and one of age I or older. You gain resources equal to half their total cost, rounded up. Orange uses 2 military action #",Orange,Raid,Purple
91,2020-06-02 12:56:02,III,15,7476918,Green plays Infiltrate against Purple#Remove your rival's leader or incomplete wonder from play. You score 3 culture per level of the discarded card. Green uses 2 military action #,Green,Infiltrate,Purple
92,2020-06-01 21:36:10,III,13,7476918,Purple plays Infiltrate against Orange#Remove your rival's leader or incomplete wonder from play. You score 3 culture per level of the discarded card. Purple uses 2 military action #,Purple,Infiltrate,Orange
93,2020-06-01 21:15:28,II,12,7476918,Green plays Annex against Orange#Take one colony from a rival. You gain (and he loses) its permanent bonuses but ignore any one-time gains. Green uses 2 military action #,Green,Annex,Orange
94,2020-06-01 17:00:24,II,11,7476918,Green plays Plunder against Grey#Your rival loses a total of up to 5 resource and/or food (your choice). You gain that many resource and food. Green uses 1 military action #,Green,Plunder,Grey
95,2020-06-01 14:06:42,II,10,7476918,Orange plays Spy against Grey#A rival loses up to 5 science. You score that many science. Orange uses 1 military action #,Orange,Spy,Grey
96,2020-06-01 10:06:52,II,9,7476918,"Green plays Raid against Grey#Destroy one of your rival's age A or age I urban building. You gain resources equal to half its cost, rounded up. Green uses 1 military action #",Green,Raid,Grey
97,2020-06-01 09:56:24,II,9,7476918,Purple plays Enslave against Grey#Your rival loses 1 population. You gain 2 food and 2 resources. Purple uses 2 military action #,Purple,Enslave,Grey
98,2020-05-31 20:45:22,II,8,7476918,Orange plays Enslave against Grey#Your rival loses 1 population. You gain 2 food and 2 resources. Orange uses 2 military action #,Orange,Enslave,Grey
99,2020-05-30 09:19:57,I,5,7476918,"Purple plays Raid against Grey#Destroy one of your rival's age A or age I urban building. You gain resources equal to half its cost, rounded up. Purple uses 1 military action #",Purple,Raid,Grey
100,2020-05-30 07:57:00,I,5,7476918,Orange plays Plunder against Grey#Your rival loses a total of up to 3 resource and/or food (your choice). You gain that many resource and food. Orange uses 1 military action #,Orange,Plunder,Grey
101,2020-06-04 16:44:13,IV,18,7477184,Green plays Plunder against Grey#Your rival loses a total of up to 7 resource and/or food (your choice). You gain that many resource and food. Green uses 2 military action #,Green,Plunder,Grey
102,2020-06-04 16:39:57,IV,18,7477184,Purple plays Armed Intervention against Grey#Take up to 7 culture from your rival. Purple uses 4 military action #,Purple,Armed Intervention,Grey
103,2020-06-04 16:23:40,IV,18,7477184,"Orange plays Raid against Grey#Destroy up to 2 of your rival's urban buildings: one of age III or older and one of age II or older. You gain resources equal to half their total cost, rounded up. Orange uses 6 military action #",Orange,Raid,Grey
104,2020-06-04 12:19:32,III,17,7477184,Orange plays Plunder against Grey#Your rival loses a total of up to 7 resource and/or food (your choice). You gain that many resource and food. Orange uses 2 military action #,Orange,Plunder,Grey
105,2020-06-04 11:59:03,III,16,7477184,Green plays Armed Intervention against Grey#Take up to 7 culture from your rival. Green uses 2 military action #,Green,Armed Intervention,Grey
106,2020-06-04 11:50:53,III,16,7477184,Purple plays Armed Intervention against Grey#Take up to 7 culture from your rival. Purple uses 2 military action #,Purple,Armed Intervention,Grey
107,2020-06-03 21:13:36,II,12,7477184,Orange plays Plunder against Purple#Your rival loses a total of up to 5 resource and/or food (your choice). You gain that many resource and food. Orange uses 1 military action #,Orange,Plunder,Purple
108,2020-06-03 20:59:39,II,11,7477184,"Green plays Raid against Purple#Destroy one of your rival's age A or age I urban building. You gain resources equal to half its cost, rounded up. Green uses 1 military action #",Green,Raid,Purple
109,2020-06-03 16:33:12,I,8,7477184,Orange plays Enslave against Purple#Your rival loses 1 population. You gain 2 food and 2 resources. Orange uses 2 military action #,Orange,Enslave,Purple
110,2020-06-09 11:59:41,IV,18,7477255,Green plays Armed Intervention against Grey#Take up to 7 culture from your rival. Green uses 2 military action #,Green,Armed Intervention,Grey
111,2020-06-09 11:49:47,IV,18,7477255,"Orange plays Raid against Grey#Destroy up to 2 of your rival's urban buildings: one of age III or older and one of age II or older. You gain resources equal to half their total cost, rounded up. Orange uses 3 military action #",Orange,Raid,Grey
112,2020-06-09 11:39:18,IV,17,7477255,"Green plays Raid against Grey#Destroy up to 2 of your rival's urban buildings: one of age III or older and one of age II or older. You gain resources equal to half their total cost, rounded up. Green uses 3 military action #",Green,Raid,Grey
113,2020-06-09 10:37:58,III,17,7477255,Orange plays Spy against Grey#A rival loses up to 5 science. You score that many science. Orange uses 1 military action #,Orange,Spy,Grey
114,2020-06-08 17:05:08,III,13,7477255,Purple plays Plunder against Green#Your rival loses a total of up to 7 resource and/or food (your choice). You gain that many resource and food. Purple uses 1 military action #,Purple,Plunder,Green
115,2020-06-15 12:50:31,IV,17,7477545,Green plays Plunder against Grey#Your rival loses a total of up to 7 resource and/or food (your choice). You gain that many resource and food. Green uses 2 military action #,Green,Plunder,Grey
116,2020-06-15 10:54:08,III,15,7477545,"Orange plays Raid against Purple#Destroy up to 2 of your rival's urban buildings: one of age III or older and one of age II or older. You gain resources equal to half their total cost, rounded up. Orange uses 3 military action #",Orange,Raid,Purple
117,2020-06-12 15:44:24,III,13,7477545,Orange plays Plunder against Purple#Your rival loses a total of up to 5 resource and/or food (your choice). You gain that many resource and food. Orange uses 1 military action #,Orange,Plunder,Purple
118,2020-06-10 17:17:51,II,7,7477545,"Green plays Raid against Grey#Destroy one of your rival's age A or age I urban building. You gain resources equal to half its cost, rounded up. Green uses 1 military action #",Green,Raid,Grey
119,2020-06-10 13:03:37,I,7,7477545,Orange plays Plunder against Grey#Your rival loses a total of up to 3 resource and/or food (your choice). You gain that many resource and food. Orange uses 1 military action #,Orange,Plunder,Grey
120,2020-06-10 12:35:57,I,6,7477545,Green plays Plunder against Grey#Your rival loses a total of up to 3 resource and/or food (your choice). You gain that many resource and food. Green uses 1 military action #,Green,Plunder,Grey
121,2020-06-17 11:32:12,IV,18,7477831,Green plays Armed Intervention against Purple#Take up to 7 culture from your rival. Green uses 2 military action #,Green,Armed Intervention,Purple
122,2020-06-16 20:19:42,III,14,7477831,"Purple plays Raid against Grey#Destroy up to 2 of your rival's urban buildings: one of age II or older and one of age I or older. You gain resources equal to half their total cost, rounded up. Purple uses 2 military action #",Purple,Raid,Grey
123,2020-06-16 15:32:39,II,11,7477831,Purple plays Plunder against Grey#Your rival loses a total of up to 3 resource and/or food (your choice). You gain that many resource and food. Purple uses 1 military action #,Purple,Plunder,Grey
124,2020-06-16 15:03:21,II,10,7477831,Purple plays Annex against Orange#Take one colony from a rival. You gain (and he loses) its permanent bonuses but ignore any one-time gains. Purple uses 2 military action #,Purple,Annex,Orange
125,2020-06-16 14:23:25,II,9,7477831,Green plays Enslave against Orange#Your rival loses 1 population. You gain 2 food and 2 resources. Green uses 2 military action #,Green,Enslave,Orange
126,2020-06-21 21:57:15,IV,19,7477939,Green plays Armed Intervention against Orange#A rival loses 7 culture. You score 7 culture. 2 military actions used #,Green,Armed Intervention,Orange
127,2020-06-21 19:17:45,III,17,7477939,Green plays Plunder against Purple#A rival loses a total of 5 resources/food (your choice). You produce that many resources/food. 2 military actions used #,Green,Plunder,Purple
128,2020-06-21 13:47:26,III,16,7477939,"Green plays Raid against Purple#Destroy up to three of a rival's urban buildings of the same type and level. You produce resources equal to half the buildings' cost, rounded down. 3 military actions used #",Green,Raid,Purple
129,2020-06-21 11:06:40,III,15,7477939,Grey plays Armed Intervention against Purple#A rival loses 7 culture. You score 7 culture. 2 military actions used #,Grey,Armed Intervention,Purple
130,2020-06-26 14:10:54,IV,19,7478280,Purple plays Armed Intervention against Green#A rival loses 7 culture. You score 7 culture. 2 military actions used #,Purple,Armed Intervention,Green
131,2020-06-26 11:01:34,III,17,7478280,Purple plays Plunder against Grey#A rival loses a total of 5 resources/food (your choice). You produce that many resources/food. 2 military actions used #,Purple,Plunder,Grey
132,2020-06-25 11:08:19,II,11,7478280,"Orange plays Raid against Grey#Destroy up to two of a rival's urban buildings of the same type and level. You produce resources equal to half the buildings' cost, rounded down. 2 military actions used Sacrificed Units: 1 Swordsmen #",Orange,Raid,Grey
133,2020-06-25 10:27:28,II,10,7478280,Orange plays Spy against Purple#A rival loses up to 5 science. You score that many science. Joan of Arc wins 5 culture 1 military actions used #,Orange,Spy,Purple
134,2020-06-24 14:32:30,I,6,7478280,"Green plays Raid against Grey#Destroy one of a rival's urban buildings. You produce resources equal to half the building's cost, rounded up. 1 military actions used #",Green,Raid,Grey
135,2020-07-19 21:19:18,II,9,7479251,Green plays Annex against Grey#Take one colony from a rival. You gain (and he loses) its permanent bonuses but ignore any one-time gains. 2 military actions used #,Green,Annex,Grey
136,2020-07-18 19:26:11,II,8,7479251,Purple plays Enslave against Grey#Make a rival decrease his population. Your civilization produces 3 resources. 2 military actions used Sacrificed Units: 1 Warrior #,Purple,Enslave,Grey
137,2020-07-17 11:55:21,I,5,7479251,"Purple plays Raid against Orange#Destroy one of a rival's urban buildings. You produce resources equal to half the building's cost, rounded up. 1 military actions used Sacrificed Units: 1 Warrior #",Purple,Raid,Orange
138,2020-07-28 23:36:45,IV,20,7479593,Grey plays Armed Intervention against Orange#A rival loses 7 culture. You score 7 culture. 2 military actions used #,Grey,Armed Intervention,Orange
139,2020-07-28 22:20:54,IV,19,7479593,Green plays Plunder against Orange#A rival loses a total of 8 resources/food (your choice). You produce that many resources/food. 2 military actions used #,Green,Plunder,Orange
140,2020-07-28 12:08:50,III,17,7479593,"Grey plays Raid against Orange#Destroy up to three of a rival's urban buildings of the same type and level. You produce resources equal to half the buildings' cost, rounded down. 3 military actions used #",Grey,Raid,Orange
141,2020-07-28 09:59:29,III,16,7479593,Grey plays Plunder against Green#A rival loses a total of 5 resources/food (your choice). You produce that many resources/food. 2 military actions used #,Grey,Plunder,Green
142,2020-07-27 21:48:55,III,15,7479593,Grey plays Assassinate against Green#Make a rival discard its leader. This card costs a number of military actions equal to the level of the leader. You score three times that many culture. 2 military actions used #,Grey,Assassinate,Green
143,2020-07-27 21:41:45,III,15,7479593,Green plays Plunder against Purple#A rival loses a total of 8 resources/food (your choice). You produce that many resources/food. 2 military actions used #,Green,Plunder,Purple
144,2020-07-27 21:07:49,III,15,7479593,Orange plays Armed Intervention against Purple#A rival loses 7 culture. You score 7 culture. 2 military actions used #,Orange,Armed Intervention,Purple
145,2020-07-24 23:08:31,II,11,7479593,Grey plays Spy against Purple#A rival loses up to 5 science. You score that many science. 1 military actions used #,Grey,Spy,Purple
146,2020-07-24 12:44:04,II,10,7479593,Green plays Spy against Orange#A rival loses up to 5 science. You score that many science. 1 military actions used #,Green,Spy,Orange
147,2020-08-06 15:39:01,IV,17,7479938,Green plays Plunder against Purple#Your rival loses a total of up to 7 resource and/or food (your choice). You gain that many resource and food. Green uses 1 military action #,Green,Plunder,Purple
148,2020-08-03 04:19:48,I,3,7479938,Green plays Enslave against Orange#Your rival loses 1 population. You gain 2 food and 2 resources. Green uses 2 military action #,Green,Enslave,Orange
149,2020-08-14 11:27:57,IV,17,7480536,Grey plays Armed Intervention against Green#Take up to 7 culture from your rival. Grey uses 2 military action #,Grey,Armed Intervention,Green
150,2020-08-14 11:18:00,IV,17,7480536,Purple plays Plunder against Green#Your rival loses a total of up to 7 resource and/or food (your choice). You gain that many resource and food. Purple uses 1 military action #,Purple,Plunder,Green
151,2020-08-14 10:32:27,III,16,7480536,Purple plays Plunder against Green#Your rival loses a total of up to 7 resource and/or food (your choice). You gain that many resource and food. Purple uses 1 military action #,Purple,Plunder,Green
152,2020-08-13 21:52:26,III,14,7480536,Purple plays Annex against Grey#Take one colony from a rival. You gain (and he loses) its permanent bonuses but ignore any one-time gains. Purple uses 2 military action #,Purple,Annex,Grey
153,2020-08-13 14:46:21,II,11,7480536,Grey plays Enslave against Purple#Your rival loses 1 population. You gain 2 food and 2 resources. Grey uses 2 military action #,Grey,Enslave,Purple
154,2020-08-19 10:44:19,IV,18,7480677,"Grey plays Raid against Purple#Destroy up to 2 of your rival's urban buildings: one of age III or older and one of age II or older. You gain resources equal to half their total cost, rounded up. Grey uses 3 military action #",Grey,Raid,Purple
155,2020-08-19 10:35:54,IV,18,7480677,Green plays Armed Intervention against Purple#Take up to 7 culture from your rival. Green uses 2 military action #,Green,Armed Intervention,Purple
156,2020-08-18 19:33:46,III,14,7480677,Grey plays Plunder against Orange#Your rival loses a total of up to 5 resource and/or food (your choice). You gain that many resource and food. Grey uses 1 military action #,Grey,Plunder,Orange
157,2020-08-18 10:03:06,III,13,7480677,Orange plays Spy against Green#A rival loses up to 5 science. You score that many science. Orange uses 1 military action Promise of Military Protection is cancelled #,Orange,Spy,Green
158,2020-08-24 12:59:56,III,15,7480887,Grey plays Armed Intervention against Orange#Take up to 7 culture from your rival. Grey uses 2 military action #,Grey,Armed Intervention,Orange
159,2020-08-24 10:34:39,III,13,7480887,Grey plays Plunder against Orange#Your rival loses a total of up to 5 resource and/or food (your choice). You gain that many resource and food. Grey uses 1 military action #,Grey,Plunder,Orange
160,2020-08-24 10:03:08,III,13,7480887,Purple plays Plunder against Orange#Your rival loses a total of up to 5 resource and/or food (your choice). You gain that many resource and food. Purple uses 1 military action #,Purple,Plunder,Orange
161,2020-08-24 07:59:05,III,12,7480887,Grey plays Spy against Orange#A rival loses up to 5 science. You score that many science. Grey uses 1 military action #,Grey,Spy,Orange
162,2020-08-20 15:52:47,II,8,7480887,Orange plays Plunder against Purple#Your rival loses a total of up to 3 resource and/or food (your choice). You gain that many resource and food. Orange uses 1 military action #,Orange,Plunder,Purple
163,2020-08-20 11:23:54,I,5,7480887,Purple plays Plunder against Grey#Your rival loses a total of up to 3 resource and/or food (your choice). You gain that many resource and food. Purple uses 1 military action #,Purple,Plunder,Grey
164,2020-09-01 09:20:12,III,16,7481117,Purple plays Armed Intervention against Green#Take up to 7 culture from your rival. Purple uses 4 military action #,Purple,Armed Intervention,Green
165,2020-09-01 08:40:41,III,15,7481117,Purple plays Plunder against Green#Your rival loses a total of up to 7 resource and/or food (your choice). You gain that many resource and food. Purple uses 2 military action #,Purple,Plunder,Green
166,2020-09-01 05:12:31,III,15,7481117,Orange plays Plunder against Green#Your rival loses a total of up to 7 resource and/or food (your choice). You gain that many resource and food. Orange uses 2 military action #,Orange,Plunder,Green
167,2020-08-31 15:56:01,III,14,7481117,"Orange plays Raid against Grey#Destroy up to 2 of your rival's urban buildings: one of age III or older and one of age II or older. You gain resources equal to half their total cost, rounded up. Orange uses 3 military action #",Orange,Raid,Grey
168,2020-08-31 13:17:08,III,13,7481117,Orange plays Plunder against Green#Your rival loses a total of up to 5 resource and/or food (your choice). You gain that many resource and food. Orange uses 1 military action #,Orange,Plunder,Green
169,2020-08-31 12:11:12,II,12,7481117,Purple plays Infiltrate against Green#Remove your rival's leader or incomplete wonder from play. You score 3 culture per level of the discarded card. Purple uses 2 military action #,Purple,Infiltrate,Green
170,2020-08-28 17:14:34,II,11,7481117,Purple plays Enslave against Green#Your rival loses 1 population. You gain 2 food and 2 resources. Purple uses 2 military action #,Purple,Enslave,Green
171,2020-08-28 11:29:31,II,10,7481117,"Purple plays Raid against Grey#Destroy up to 2 of your rival's urban buildings: one of age II or older and one of age I or older. You gain resources equal to half their total cost, rounded up. Purple uses 2 military action #",Purple,Raid,Grey
172,2020-08-27 18:48:48,II,9,7481117,Green plays Spy against Grey#A rival loses up to 5 science. You score that many science. Green uses 1 military action #,Green,Spy,Grey
173,2020-08-25 17:51:11,I,4,7481117,Green plays Plunder against Grey#Your rival loses a total of up to 3 resource and/or food (your choice). You gain that many resource and food. Green uses 1 military action #,Green,Plunder,Grey
174,2020-09-10 10:16:44,IV,19,7481459,Green plays Armed Intervention against Orange#A rival loses 7 culture. You score 7 culture. 2 military actions used #,Green,Armed Intervention,Orange
175,2020-09-10 09:59:23,IV,19,7481459,"Orange plays Raid against Purple#Destroy up to three of a rival's urban buildings of the same type and level. You produce resources equal to half the buildings' cost, rounded down. 6 military actions used #",Orange,Raid,Purple
176,2020-09-10 08:26:46,III,18,7481459,Orange plays Partitions against Green#Take as many yellow token from your rival's bank as the level of your government and as many blue tokens as the level of your rival's government. Place the tokens in your bank. 3 military actions used #,Orange,Partitions,Green
177,2020-09-08 17:17:07,III,15,7481459,Purple plays Plunder against Green#A rival loses a total of 8 resources/food (your choice). You produce that many resources/food. 2 military actions used #,Purple,Plunder,Green
178,2020-09-08 16:54:29,III,15,7481459,"Orange plays Raid against Green#Destroy up to two of a rival's urban buildings of the same type and level. You produce resources equal to half the buildings' cost, rounded down. 2 military actions used #",Orange,Raid,Green
179,2020-09-08 15:09:25,II,13,7481459,"Purple plays Raid against Green#Destroy up to two of a rival's urban buildings of the same type and level. You produce resources equal to half the buildings' cost, rounded down. 2 military actions used #",Purple,Raid,Green
180,2020-09-08 12:24:53,II,11,7481459,Grey plays Annex against Green#Take one colony from a rival. You gain (and he loses) its permanent bonuses but ignore any one-time gains. 2 military actions used #,Grey,Annex,Green
181,2020-09-08 11:22:14,II,11,7481459,Orange plays Plunder against Green#A rival loses a total of 3 resources/food (your choice). You produce that many resources/food. 2 military actions used #,Orange,Plunder,Green
182,2020-09-04 20:33:47,II,9,7481459,Orange plays Spy against Green#A rival loses up to 5 science. You score that many science. 1 military actions used #,Orange,Spy,Green
183,2020-09-14 21:01:21,IV,19,7481844,Purple plays Armed Intervention against Grey#A rival loses 7 culture. You score 7 culture. 2 military actions used #,Purple,Armed Intervention,Grey
184,2020-09-14 20:53:58,IV,19,7481844,"Orange plays Raid against Green#Destroy up to three of a rival's urban buildings of the same type and level. You produce resources equal to half the buildings' cost, rounded down. 3 military actions used #",Orange,Raid,Green
185,2020-09-14 13:14:30,III,16,7481844,Grey plays Sabotage against Orange#A rival discards a wonder under construction. This costs you military actions equal to the level of the wonder. You score three times that many culture. 3 military actions used Sacrificed Units: 1 Riflemen #,Grey,Sabotage,Orange
186,2020-09-14 10:12:55,III,15,7481844,Purple plays Spy against Green#A rival loses up to 5 science. You score that many science. 1 military actions used #,Purple,Spy,Green
187,2020-09-14 09:12:14,III,14,7481844,Grey plays Armed Intervention against Green#A rival loses 7 culture. You score 7 culture. 2 military actions used #,Grey,Armed Intervention,Green
188,2020-09-13 23:36:11,III,14,7481844,Purple plays Annex against Green#Take one colony from a rival. You gain (and he loses) its permanent bonuses but ignore any one-time gains. 2 military actions used #,Purple,Annex,Green
189,2020-09-13 23:10:42,II,13,7481844,Purple plays Plunder against Green#A rival loses a total of 5 resources/food (your choice). You produce that many resources/food. 2 military actions used #,Purple,Plunder,Green
190,2020-09-13 22:58:31,II,13,7481844,Orange plays Partitions against Green#Take as many yellow token from your rival's bank as the level of your government and as many blue tokens as the level of your rival's government. Place the tokens in your bank. 3 military actions used #,Orange,Partitions,Green
191,2020-09-13 21:41:56,II,11,7481844,Purple plays Plunder against Green#A rival loses a total of 5 resources/food (your choice). You produce that many resources/food. 2 military actions used #,Purple,Plunder,Green
192,2020-09-13 20:38:03,II,10,7481844,Grey plays Enslave against Green#Make a rival decrease his population. Your civilization produces 3 resources. 2 military actions used #,Grey,Enslave,Green
193,2020-09-13 09:48:34,II,8,7481844,Grey plays Plunder against Purple#A rival loses a total of 3 resources/food (your choice). You produce that many resources/food. 2 military actions used #,Grey,Plunder,Purple
194,2020-09-12 11:01:54,II,8,7481844,"Orange plays Raid against Purple#Destroy one of a rival's urban buildings. You produce resources equal to half the building's cost, rounded up. 1 military actions used #",Orange,Raid,Purple
195,2020-09-21 17:18:23,IV,18,7482019,Grey plays Armed Intervention against Purple#A rival loses 7 culture. You score 7 culture. 2 military actions used #,Grey,Armed Intervention,Purple
196,2020-09-21 17:04:12,IV,18,7482019,Green plays Plunder against Purple#A rival loses a total of 8 resources/food (your choice). You produce that many resources/food. 2 military actions used #,Green,Plunder,Purple
197,2020-09-21 16:07:40,IV,18,7482019,Orange plays Armed Intervention against Purple#A rival loses 7 culture. You score 7 culture. 2 military actions used #,Orange,Armed Intervention,Purple
198,2020-09-21 14:52:24,III,17,7482019,"Green plays Raid against Purple#Destroy up to three of a rival's urban buildings of the same type and level. You produce resources equal to half the buildings' cost, rounded down. 3 military actions used #",Green,Raid,Purple
199,2020-09-21 13:43:13,III,16,7482019,Grey plays Plunder against Orange#A rival loses a total of 8 resources/food (your choice). You produce that many resources/food. 2 military actions used #,Grey,Plunder,Orange
200,2020-09-21 13:19:55,III,16,7482019,Green plays Armed Intervention against Grey#A rival loses 7 culture. You score 7 culture. 2 military actions used #,Green,Armed Intervention,Grey
201,2020-09-21 12:32:43,III,15,7482019,"Green plays Raid against Purple#Destroy up to two of a rival's urban buildings of the same type and level. You produce resources equal to half the buildings' cost, rounded down. 2 military actions used #",Green,Raid,Purple
202,2020-09-20 22:57:25,II,13,7482019,Purple plays Partitions against Grey#Take as many yellow token from your rival's bank as the level of your government and as many blue tokens as the level of your rival's government. Place the tokens in your bank. 3 military actions used #,Purple,Partitions,Grey
203,2020-09-20 16:34:02,II,12,7482019,Purple plays Assassinate against Orange#Make a rival discard its leader. This card costs a number of military actions equal to the level of the leader. You score three times that many culture. 1 military actions used #,Purple,Assassinate,Orange
204,2020-09-18 22:09:28,II,11,7482019,"Green plays Raid against Orange#Destroy up to two of a rival's urban buildings of the same type and level. You produce resources equal to half the buildings' cost, rounded down. 2 military actions used #",Green,Raid,Orange
205,2020-09-18 20:22:17,II,11,7482019,Orange plays Plunder against Purple#A rival loses a total of 5 resources/food (your choice). You produce that many resources/food. 2 military actions used #,Orange,Plunder,Purple
206,2020-09-18 09:04:49,II,10,7482019,"Grey plays Raid against Purple#Destroy one of a rival's urban buildings. You produce resources equal to half the building's cost, rounded up. 1 military actions used #",Grey,Raid,Purple
207,2020-09-15 17:05:20,I,7,7482019,Grey plays Enslave against Orange#Make a rival decrease his population. Your civilization produces 3 resources. 2 military actions used #,Grey,Enslave,Orange
208,2020-09-15 12:42:01,I,5,7482019,Green plays Plunder against Grey#A rival loses a total of 3 resources/food (your choice). You produce that many resources/food. 2 military actions used #,Green,Plunder,Grey
209,2020-10-05 16:27:44,IV,19,7482338,Green plays Armed Intervention against Orange#A rival loses 7 culture. You score 7 culture. 2 military actions used Military Pact is cancelled #,Green,Armed Intervention,Orange
210,2020-10-02 17:33:50,III,16,7482338,Purple plays Plunder against Orange#A rival loses a total of 8 resources/food (your choice). You produce that many resources/food. 2 military actions used Sacrificed Units: 1 Knights #,Purple,Plunder,Orange
211,2020-09-29 15:44:44,II,11,7482338,"Purple plays Raid against Green#Destroy one of a rival's urban buildings. You produce resources equal to half the building's cost, rounded up. 1 military actions used #",Purple,Raid,Green
212,2020-09-28 07:59:55,II,8,7482338,Green plays Enslave against Orange#Make a rival decrease his population. Your civilization produces 3 resources. 2 military actions used #,Green,Enslave,Orange
213,2020-10-14 18:35:13,III,17,7482908,Orange plays Armed Intervention against Green#A rival loses 7 culture. You score 7 culture. 2 military actions used #,Orange,Armed Intervention,Green
214,2020-10-14 14:57:03,III,16,7482908,"Purple plays Raid against Green#Destroy up to three of a rival's urban buildings of the same type and level. You produce resources equal to half the buildings' cost, rounded down. 3 military actions used #",Purple,Raid,Green
215,2020-10-14 11:25:33,III,15,7482908,Orange plays Assassinate against Green#Make a rival discard its leader. This card costs a number of military actions equal to the level of the leader. You score three times that many culture. 2 military actions used Sacrificed Units: 1 Warrior #,Orange,Assassinate,Green
216,2020-10-14 11:07:47,III,14,7482908,Grey plays Plunder against Green#A rival loses a total of 8 resources/food (your choice). You produce that many resources/food. 2 military actions used #,Grey,Plunder,Green
217,2020-10-14 10:04:07,III,14,7482908,"Purple plays Raid against Green#Destroy up to two of a rival's urban buildings of the same type and level. You produce resources equal to half the buildings' cost, rounded down. 2 military actions used #",Purple,Raid,Green
218,2020-10-07 17:52:02,I,5,7482908,Purple plays Enslave against Grey#Make a rival decrease his population. Your civilization produces 3 resources. 2 military actions used #,Purple,Enslave,Grey
219,2020-10-31 20:50:17,IV,20,7483387,Green plays Armed Intervention against Grey#A rival loses 7 culture. You score 7 culture. 2 military actions used #,Green,Armed Intervention,Grey
220,2020-10-30 22:40:14,III,19,7483387,"Orange plays Raid against Purple#Destroy up to three of a rival's urban buildings of the same type and level. You produce resources equal to half the buildings' cost, rounded down. 3 military actions used #",Orange,Raid,Purple
221,2020-10-30 21:53:53,III,18,7483387,Purple plays Armed Intervention against Green#A rival loses 7 culture. You score 7 culture. 2 military actions used #,Purple,Armed Intervention,Green
222,2020-10-30 18:39:33,III,17,7483387,Grey plays Plunder against Green#A rival loses a total of 8 resources/food (your choice). You produce that many resources/food. 2 military actions used #,Grey,Plunder,Green
223,2020-10-30 09:07:19,III,17,7483387,Orange plays Partitions against Green#Take as many yellow token from your rival's bank as the level of your government and as many blue tokens as the level of your rival's government. Place the tokens in your bank. 3 military actions used #,Orange,Partitions,Green
224,2020-10-29 07:57:03,III,15,7483387,"Purple plays Raid against Green#Destroy up to two of a rival's urban buildings of the same type and level. You produce resources equal to half the buildings' cost, rounded down. 2 military actions used #",Purple,Raid,Green
225,2020-10-19 11:00:21,I,5,7483387,Purple plays Plunder against Green#A rival loses a total of 3 resources/food (your choice). You produce that many resources/food. 2 military actions used #,Purple,Plunder,Green
226,2020-11-16 20:03:11,IV,19,7484166,"Grey plays Raid against Purple#Destroy up to three of a rival's urban buildings of the same type and level. You produce resources equal to half the buildings' cost, rounded down. 3 military actions used #",Grey,Raid,Purple
227,2020-11-16 19:22:44,IV,19,7484166,Orange plays Armed Intervention against Purple#A rival loses 7 culture. You score 7 culture. 2 military actions used #,Orange,Armed Intervention,Purple
228,2020-11-16 14:17:29,III,17,7484166,Green plays Armed Intervention against Grey#A rival loses 7 culture. You score 7 culture. 2 military actions used #,Green,Armed Intervention,Grey
229,2020-11-15 19:12:17,III,14,7484166,"Green plays Raid against Orange#Destroy up to two of a rival's urban buildings of the same type and level. You produce resources equal to half the buildings' cost, rounded down. 2 military actions used #",Green,Raid,Orange
230,2020-11-13 11:03:12,II,11,7484166,Green plays Spy against Purple#A rival loses up to 5 science. You score that many science. Joan of Arc wins 5 culture 1 military actions used #,Green,Spy,Purple
231,2020-11-13 09:54:11,II,11,7484166,Orange plays Plunder against Purple#A rival loses a total of 5 resources/food (your choice). You produce that many resources/food. Joan of Arc wins 5 culture 2 military actions used #,Orange,Plunder,Purple
232,2020-11-12 22:18:31,II,10,7484166,Orange plays Plunder against Purple#A rival loses a total of 5 resources/food (your choice). You produce that many resources/food. Joan of Arc wins 5 culture 2 military actions used #,Orange,Plunder,Purple
233,2020-11-12 11:59:22,II,9,7484166,Green plays Assassinate against Grey#Make a rival discard its leader. This card costs a number of military actions equal to the level of the leader. You score three times that many culture. 1 military actions used #,Green,Assassinate,Grey
234,2020-11-10 12:00:44,I,7,7484166,Orange plays Enslave against Purple#Make a rival decrease his population. Your civilization produces 3 resources. 2 military actions used #,Orange,Enslave,Purple
235,2020-11-10 11:25:46,I,6,7484166,Grey plays Plunder against Purple#A rival loses a total of 3 resources/food (your choice). You produce that many resources/food. 2 military actions used #,Grey,Plunder,Purple
236,2020-11-09 15:27:58,I,5,7484166,Grey plays Plunder against Orange#A rival loses a total of 3 resources/food (your choice). You produce that many resources/food. 2 military actions used #,Grey,Plunder,Orange
237,2020-11-09 11:37:39,I,5,7484166,"Purple plays Raid against Green#Destroy one of a rival's urban buildings. You produce resources equal to half the building's cost, rounded up. 1 military actions used #",Purple,Raid,Green
238,2020-11-30 23:20:06,IV,19,7484894,"Orange plays Raid against Purple#Destroy up to three of a rival's urban buildings of the same type and level. You produce resources equal to half the buildings' cost, rounded down. 3 military actions used #",Orange,Raid,Purple
239,2020-11-30 21:14:16,IV,18,7484894,"Grey plays Raid against Purple#Destroy up to three of a rival's urban buildings of the same type and level. You produce resources equal to half the buildings' cost, rounded down. 3 military actions used #",Grey,Raid,Purple
240,2020-11-30 14:41:31,III,17,7484894,"Grey plays Raid against Green#Destroy up to two of a rival's urban buildings of the same type and level. You produce resources equal to half the buildings' cost, rounded down. 2 military actions used #",Grey,Raid,Green
241,2020-11-30 12:33:19,III,17,7484894,Purple plays Annex against Green#Take one colony from a rival. You gain (and he loses) its permanent bonuses but ignore any one-time gains. 2 military actions used #,Purple,Annex,Green
242,2020-11-30 11:27:49,III,16,7484894,Grey plays Plunder against Green#A rival loses a total of 8 resources/food (your choice). You produce that many resources/food. 2 military actions used #,Grey,Plunder,Green
243,2020-11-17 16:26:16,I,3,7484894,Grey plays Plunder against Orange#A rival loses a total of 3 resources/food (your choice). You produce that many resources/food. 2 military actions used #,Grey,Plunder,Orange
244,2020-12-22 11:54:24,IV,20,7485891,Grey plays Plunder against Orange#A rival loses a total of 8 resources/food (your choice). You produce that many resources/food. 2 military actions used #,Grey,Plunder,Orange
245,2020-12-22 11:38:43,IV,20,7485891,Purple plays Armed Intervention against Grey#A rival loses 7 culture. You score 7 culture. 2 military actions used #,Purple,Armed Intervention,Grey
246,2020-12-19 17:23:21,III,15,7485891,Green plays Annex against Orange#Take one colony from a rival. You gain (and he loses) its permanent bonuses but ignore any one-time gains. 2 military actions used #,Green,Annex,Orange
247,2020-12-18 20:44:59,III,15,7485891,Purple plays Armed Intervention against Grey#A rival loses 7 culture. You score 7 culture. 2 military actions used #,Purple,Armed Intervention,Grey
248,2020-12-17 15:43:52,II,11,7485891,Grey plays Spy against Green#A rival loses up to 5 science. You score that many science. 1 military actions used #,Grey,Spy,Green
249,2021-01-06 16:03:03,IV,20,7486444,Grey plays Armed Intervention against Purple#A rival loses 7 culture. You score 7 culture. 2 military actions used #,Grey,Armed Intervention,Purple
250,2021-01-06 15:22:00,IV,20,7486444,Orange plays Plunder against Green#A rival loses a total of 8 resources/food (your choice). You produce that many resources/food. 2 military actions used #,Orange,Plunder,Green
251,2021-01-06 14:56:01,IV,19,7486444,Grey plays Armed Intervention against Purple#A rival loses 7 culture. You score 7 culture. 2 military actions used #,Grey,Armed Intervention,Purple
252,2021-01-06 13:52:46,III,19,7486444,"Orange plays Raid against Grey#Destroy up to three of a rival's urban buildings of the same type and level. You produce resources equal to half the buildings' cost, rounded down. 3 military actions used Military Pact is cancelled #",Orange,Raid,Grey
253,2021-01-06 12:41:27,III,18,7486444,Grey plays Armed Intervention against Purple#A rival loses 7 culture. You score 7 culture. 2 military actions used #,Grey,Armed Intervention,Purple
254,2021-01-05 11:02:54,III,17,7486444,Orange plays Armed Intervention against Green#A rival loses 7 culture. You score 7 culture. 2 military actions used #,Orange,Armed Intervention,Green
255,2021-01-05 08:43:44,III,16,7486444,Orange plays Spy against Purple#A rival loses up to 5 science. You score that many science. 1 military actions used #,Orange,Spy,Purple
256,2021-01-04 14:45:17,II,12,7486444,"Grey plays Raid against Purple#Destroy up to two of a rival's urban buildings of the same type and level. You produce resources equal to half the buildings' cost, rounded down. 2 military actions used #",Grey,Raid,Purple
257,2021-01-04 14:06:07,II,11,7486444,Grey plays Spy against Orange#A rival loses up to 5 science. You score that many science. 1 military actions used #,Grey,Spy,Orange
258,2021-01-30 21:14:23,IV,19,7487030,"Grey plays Raid against Orange#Destroy up to three of a rival's urban buildings of the same type and level. You produce resources equal to half the buildings' cost, rounded down. 3 military actions used #",Grey,Raid,Orange
259,2021-01-30 13:46:19,III,18,7487030,"Orange plays Raid against Green#Destroy up to three of a rival's urban buildings of the same type and level. You produce resources equal to half the buildings' cost, rounded down. 6 military actions used #",Orange,Raid,Green
260,2021-01-29 19:53:23,III,17,7487030,Purple plays Plunder against Grey#A rival loses a total of 5 resources/food (your choice). You produce that many resources/food. 2 military actions used #,Purple,Plunder,Grey
261,2021-01-29 17:50:20,III,17,7487030,Orange plays Plunder against Grey#A rival loses a total of 8 resources/food (your choice). You produce that many resources/food. 2 military actions used #,Orange,Plunder,Grey
262,2021-01-29 17:13:55,III,16,7487030,Purple plays Plunder against Green#A rival loses a total of 5 resources/food (your choice). You produce that many resources/food. 2 military actions used #,Purple,Plunder,Green
263,2021-01-29 15:21:27,III,15,7487030,"Orange plays Raid against Green#Destroy up to two of a rival's urban buildings of the same type and level. You produce resources equal to half the buildings' cost, rounded down. 2 military actions used #",Orange,Raid,Green
264,2021-01-25 09:31:08,II,10,7487030,Purple plays Assassinate against Green#Make a rival discard its leader. This card costs a number of military actions equal to the level of the leader. You score three times that many culture. 1 military actions used #,Purple,Assassinate,Green
265,2021-01-21 16:35:31,I,8,7487030,"Orange plays Raid against Green#Destroy one of a rival's urban buildings. You produce resources equal to half the building's cost, rounded up. 1 military actions used #",Orange,Raid,Green
266,2021-01-13 10:29:55,I,5,7487030,Orange plays Plunder against Purple#A rival loses a total of 3 resources/food (your choice). You produce that many resources/food. 2 military actions used #,Orange,Plunder,Purple
267,2021-02-05 12:52:57,II,9,7488202,"Grey plays Raid against Purple#Destroy one of a rival's urban buildings. You produce resources equal to half the building's cost, rounded up. 1 military actions used #",Grey,Raid,Purple
268,2021-02-04 20:55:32,II,8,7488202,Grey plays Plunder against Purple#A rival loses a total of 3 resources/food (your choice). You produce that many resources/food. 2 military actions used #,Grey,Plunder,Purple
269,2021-02-03 16:02:58,I,5,7488202,Green plays Plunder against Grey#A rival loses a total of 3 resources/food (your choice). You produce that many resources/food. 2 military actions used #,Green,Plunder,Grey
270,2021-03-02 16:45:34,IV,17,7488850,Orange plays Armed Intervention against Grey#Take up to 7 culture from your rival. Orange uses 2 military action #,Orange,Armed Intervention,Grey
271,2021-03-01 14:57:17,III,12,7488850,Grey plays Infiltrate against Orange#Remove your rival's leader or incomplete wonder from play. You score 3 culture per level of the discarded card. Grey uses 2 military action #,Grey,Infiltrate,Orange
272,2021-02-21 21:16:06,I,6,7488850,Orange plays Plunder against Green#Your rival loses a total of up to 3 resource and/or food (your choice). You gain that many resource and food. Orange uses 1 military action #,Orange,Plunder,Green
273,2021-03-11 16:44:19,IV,19,7489429,Grey plays Armed Intervention against Green#Take up to 7 culture from your rival. Grey uses 2 military action #,Grey,Armed Intervention,Green
274,2021-03-11 16:26:10,IV,19,7489429,"Orange plays Raid against Green#Destroy up to 2 of your rival's urban buildings: one of age III or older and one of age II or older. You gain resources equal to half their total cost, rounded up. Orange uses 3 military action #",Orange,Raid,Green
275,2021-03-11 16:19:55,IV,18,7489429,Grey plays Armed Intervention against Green#Take up to 7 culture from your rival. Grey uses 2 military action #,Grey,Armed Intervention,Green
276,2021-03-10 14:18:36,II,12,7489429,Orange plays Plunder against Purple#Your rival loses a total of up to 3 resource and/or food (your choice). You gain that many resource and food. Orange uses 1 military action #,Orange,Plunder,Purple
277,2021-03-08 17:47:37,II,9,7489429,"Orange plays Raid against Grey#Destroy one of your rival's age A or age I urban building. You gain resources equal to half its cost, rounded up. Orange uses 1 military action #",Orange,Raid,Grey
278,2021-03-08 08:04:20,I,7,7489429,Orange plays Enslave against Green#Your rival loses 1 population. You gain 2 food and 2 resources. Orange uses 2 military action #,Orange,Enslave,Green
279,2021-03-17 14:22:47,IV,17,7489723,Grey plays Armed Intervention against Orange#Take up to 7 culture from your rival. Grey uses 2 military action #,Grey,Armed Intervention,Orange
280,2021-03-17 05:41:50,IV,17,7489723,Purple plays Armed Intervention against Orange#Take up to 7 culture from your rival. Purple uses 2 military action #,Purple,Armed Intervention,Orange
281,2021-03-16 20:17:49,III,16,7489723,"Grey plays Raid against Green#Destroy up to 2 of your rival's urban buildings: one of age III or older and one of age II or older. You gain resources equal to half their total cost, rounded up. Grey uses 3 military action #",Grey,Raid,Green
282,2021-03-16 17:09:50,III,16,7489723,Purple plays Infiltrate against Orange#Remove your rival's leader or incomplete wonder from play. You score 3 culture per level of the discarded card. Purple uses 4 military action #,Purple,Infiltrate,Orange
283,2021-03-16 09:05:27,III,15,7489723,Grey plays Armed Intervention against Green#Take up to 7 culture from your rival. Grey uses 2 military action #,Grey,Armed Intervention,Green
284,2021-03-15 20:31:21,III,14,7489723,Purple plays Spy against Green#A rival loses up to 5 science. You score that many science. Purple uses 1 military action #,Purple,Spy,Green
285,2021-03-15 07:49:35,II,9,7489723,Purple plays Infiltrate against Orange#Remove your rival's leader or incomplete wonder from play. You score 3 culture per level of the discarded card. Purple uses 2 military action #,Purple,Infiltrate,Orange
286,2021-03-28 10:53:31,IV,18,7489957,Purple plays Armed Intervention against Orange#Take up to 7 culture from your rival. Purple uses 2 military action #,Purple,Armed Intervention,Orange
287,2021-03-28 10:27:42,IV,17,7489957,"Grey plays Raid against Orange#Destroy up to 2 of your rival's urban buildings: one of age III or older and one of age II or older. You gain resources equal to half their total cost, rounded up. Grey uses 3 military action #",Grey,Raid,Orange
288,2021-03-27 19:30:33,III,16,7489957,Grey plays Plunder against Orange#Your rival loses a total of up to 7 resource and/or food (your choice). You gain that many resource and food. Grey uses 2 military action Military Alliance is cancelled #,Grey,Plunder,Orange
289,2021-03-26 17:43:50,III,13,7489957,Grey plays Plunder against Orange#Your rival loses a total of up to 5 resource and/or food (your choice). You gain that many resource and food. Grey uses 1 military action #,Grey,Plunder,Orange
290,2021-03-25 15:56:50,II,10,7489957,Grey plays Infiltrate against Orange#Remove your rival's leader or incomplete wonder from play. You score 3 culture per level of the discarded card. Grey uses 2 military action #,Grey,Infiltrate,Orange
291,2021-03-25 14:00:02,II,10,7489957,"Purple plays Raid against Green#Destroy one of your rival's age A or age I urban building. You gain resources equal to half its cost, rounded up. Purple uses 1 military action #",Purple,Raid,Green
292,2021-03-24 21:52:47,I,6,7489957,Orange plays Enslave against Green#Your rival loses 1 population. You gain 2 food and 2 resources. Orange uses 2 military action #,Orange,Enslave,Green
293,2021-03-31 17:05:49,I,7,7490386,Purple plays Plunder against Grey#Your rival loses a total of up to 3 resource and/or food (your choice). You gain that many resource and food. Purple uses 1 military action #,Purple,Plunder,Grey
294,2021-04-17 23:05:44,IV,17,7490649,Grey plays Armed Intervention against Green#Take up to 7 culture from your rival. Grey uses 2 military action #,Grey,Armed Intervention,Green
295,2021-04-17 11:31:06,III,16,7490649,Purple plays Armed Intervention against Green#Take up to 7 culture from your rival. Purple uses 2 military action #,Purple,Armed Intervention,Green
296,2021-04-16 21:05:40,III,14,7490649,"Grey plays Raid against Orange#Destroy up to 2 of your rival's urban buildings: one of age II or older and one of age I or older. You gain resources equal to half their total cost, rounded up. Grey uses 2 military action #",Grey,Raid,Orange
297,2021-04-16 13:30:06,III,14,7490649,"Purple plays Raid against Green#Destroy up to 2 of your rival's urban buildings: one of age III or older and one of age II or older. You gain resources equal to half their total cost, rounded up. Purple uses 3 military action #",Purple,Raid,Green
298,2021-04-09 11:13:18,I,5,7490649,"Purple plays Raid against Green#Destroy one of your rival's age A or age I urban building. You gain resources equal to half its cost, rounded up. Purple uses 1 military action #",Purple,Raid,Green
299,2021-04-09 11:09:04,I,5,7490649,Purple plays Plunder against Green#Your rival loses a total of up to 3 resource and/or food (your choice). You gain that many resource and food. Purple uses 1 military action #,Purple,Plunder,Green
300,2021-04-27 17:52:36,III,17,7491046,Purple plays Spy against Grey#A rival loses up to 5 science. You score that many science. Purple uses 1 military action #,Purple,Spy,Grey
301,2021-04-27 13:03:09,III,16,7491046,"Grey plays Raid against Orange#Destroy up to 2 of your rival's urban buildings: one of age II or older and one of age I or older. You gain resources equal to half their total cost, rounded up. Grey uses 2 military action #",Grey,Raid,Orange
302,2021-04-27 12:04:06,III,16,7491046,Purple plays Annex against Orange#Take one colony from a rival. You gain (and he loses) its permanent bonuses but ignore any one-time gains. Purple uses 2 military action #,Purple,Annex,Orange
303,2021-04-27 08:22:58,III,15,7491046,Grey plays Plunder against Orange#Your rival loses a total of up to 7 resource and/or food (your choice). You gain that many resource and food. Grey uses 1 military action #,Grey,Plunder,Orange
304,2021-04-25 15:44:51,II,12,7491046,Purple plays Plunder against Green#Your rival loses a total of up to 3 resource and/or food (your choice). You gain that many resource and food. Purple uses 1 military action #,Purple,Plunder,Green
305,2021-04-20 09:36:21,I,5,7491046,"Green plays Raid against Orange#Destroy one of your rival's age A or age I urban building. You gain resources equal to half its cost, rounded up. Green uses 1 military action #",Green,Raid,Orange
306,2021-05-19 14:36:35,III,14,7491505,"Purple plays Raid against Grey#Destroy up to 2 of your rival's urban buildings: one of age III or older and one of age II or older. You gain resources equal to half their total cost, rounded up. Purple uses 3 military action #",Purple,Raid,Grey
307,2021-05-19 09:25:48,III,14,7491505,Orange plays Plunder against Grey#Your rival loses a total of up to 5 resource and/or food (your choice). You gain that many resource and food. Orange uses 1 military action #,Orange,Plunder,Grey
308,2021-05-18 20:02:10,III,13,7491505,Green plays Spy against Grey#A rival loses up to 5 science. You score that many science. Green uses 1 military action Promise of Military Protection is cancelled #,Green,Spy,Grey
309,2021-05-17 23:17:22,II,12,7491505,"Purple plays Raid against Grey#Destroy up to 2 of your rival's urban buildings: one of age II or older and one of age I or older. You gain resources equal to half their total cost, rounded up. Purple uses 2 military action #",Purple,Raid,Grey
310,2021-05-04 16:33:25,I,7,7491505,Orange plays Enslave against Grey#Your rival loses 1 population. You gain 2 food and 2 resources. Orange uses 2 military action #,Orange,Enslave,Grey
311,2021-06-04 09:22:17,IV,18,7492262,Purple plays Armed Intervention against Orange#Take up to 7 culture from your rival. Purple uses 2 military action #,Purple,Armed Intervention,Orange
312,2021-06-03 15:30:15,III,17,7492262,Purple plays Armed Intervention against Green#Take up to 7 culture from your rival. Purple uses 4 military action #,Purple,Armed Intervention,Green
313,2021-06-03 15:20:59,III,17,7492262,Orange plays Plunder against Green#Your rival loses a total of up to 7 resource and/or food (your choice). You gain that many resource and food. Orange uses 2 military action #,Orange,Plunder,Green
314,2021-06-03 15:05:31,III,16,7492262,"Purple plays Raid against Green#Destroy up to 2 of your rival's urban buildings: one of age II or older and one of age I or older. You gain resources equal to half their total cost, rounded up. Purple uses 2 military action #",Purple,Raid,Green
315,2021-06-03 14:40:35,III,16,7492262,"Orange plays Raid against Green#Destroy up to 2 of your rival's urban buildings: one of age III or older and one of age II or older. You gain resources equal to half their total cost, rounded up. Orange uses 3 military action #",Orange,Raid,Green
316,2021-06-02 12:47:22,III,13,7492262,Purple plays Plunder against Green#Your rival loses a total of up to 5 resource and/or food (your choice). You gain that many resource and food. Purple uses 1 military action #,Purple,Plunder,Green
317,2021-05-25 23:20:21,II,9,7492262,Purple plays Plunder against Grey#Your rival loses a total of up to 3 resource and/or food (your choice). You gain that many resource and food. Purple uses 1 military action #,Purple,Plunder,Grey
318,2021-05-25 14:34:06,I,7,7492262,"Orange plays Raid against Purple#Destroy one of your rival's age A or age I urban building. You gain resources equal to half its cost, rounded up. Orange uses 1 military action #",Orange,Raid,Purple
319,2021-06-15 06:55:39,III,16,7492705,Orange plays Plunder against Green#Your rival loses a total of up to 7 resource and/or food (your choice). You gain that many resource and food. Orange uses 1 military action #,Orange,Plunder,Green
320,2021-06-14 22:26:07,III,13,7492705,"Grey plays Raid against Orange#Destroy up to 2 of your rival's urban buildings: one of age II or older and one of age I or older. You gain resources equal to half their total cost, rounded up. Grey uses 2 military action #",Grey,Raid,Orange
321,2021-06-14 17:25:47,III,13,7492705,Green plays Infiltrate against Orange#Remove your rival's leader or incomplete wonder from play. You score 3 culture per level of the discarded card. Green uses 2 military action #,Green,Infiltrate,Orange
322,2021-06-14 16:58:21,III,13,7492705,Purple plays Plunder against Orange#Your rival loses a total of up to 5 resource and/or food (your choice). You gain that many resource and food. Purple uses 1 military action #,Purple,Plunder,Orange
323,2021-06-13 21:03:11,II,12,7492705,Purple plays Infiltrate against Grey#Remove your rival's leader or incomplete wonder from play. You score 3 culture per level of the discarded card. Purple uses 2 military action #,Purple,Infiltrate,Grey
324,2021-06-11 04:18:12,II,10,7492705,Grey plays Spy against Orange#A rival loses up to 5 science. You score that many science. Grey uses 1 military action #,Grey,Spy,Orange
325,2021-06-26 12:29:50,IV,18,7493040,Grey plays Armed Intervention against Purple#Take up to 7 culture from your rival. Grey uses 2 military action #,Grey,Armed Intervention,Purple
326,2021-06-26 08:21:36,IV,18,7493040,Green plays Armed Intervention against Orange#Take up to 7 culture from your rival. Green uses 2 military action #,Green,Armed Intervention,Orange
327,2021-06-22 19:14:58,II,9,7493040,"Purple plays Raid against Green#Destroy one of your rival's age A or age I urban building. You gain resources equal to half its cost, rounded up. Purple uses 1 military action #",Purple,Raid,Green
328,2021-06-22 12:24:32,II,8,7493040,Purple plays Plunder against Green#Your rival loses a total of up to 3 resource and/or food (your choice). You gain that many resource and food. Purple uses 1 military action #,Purple,Plunder,Green
329,2021-06-22 07:40:30,I,7,7493040,Purple plays Plunder against Green#Your rival loses a total of up to 3 resource and/or food (your choice). You gain that many resource and food. Purple uses 1 military action #,Purple,Plunder,Green
330,2021-07-01 14:00:22,IV,17,7493350,Purple plays Armed Intervention against Grey#Take up to 7 culture from your rival. Purple uses 2 military action #,Purple,Armed Intervention,Grey
331,2021-07-01 11:15:44,III,15,7493350,"Grey plays Raid against Orange#Destroy up to 2 of your rival's urban buildings: one of age II or older and one of age I or older. You gain resources equal to half their total cost, rounded up. Grey uses 2 military action #",Grey,Raid,Orange
332,2021-07-01 10:51:08,III,14,7493350,Grey plays Infiltrate against Orange#Remove your rival's leader or incomplete wonder from play. You score 3 culture per level of the discarded card. Grey uses 2 military action #,Grey,Infiltrate,Orange
333,2021-07-01 08:32:15,III,13,7493350,Orange plays Spy against Green#A rival loses up to 5 science. You score that many science. Orange uses 1 military action #,Orange,Spy,Green
334,2021-07-01 08:28:26,II,12,7493350,"Grey plays Raid against Green#Destroy up to 2 of your rival's urban buildings: one of age II or older and one of age I or older. You gain resources equal to half their total cost, rounded up. Grey uses 2 military action #",Grey,Raid,Green
335,2021-07-01 06:19:07,II,11,7493350,Grey plays Plunder against Green#Your rival loses a total of up to 5 resource and/or food (your choice). You gain that many resource and food. Grey uses 1 military action #,Grey,Plunder,Green
336,2021-06-30 19:27:55,II,10,7493350,Grey plays Plunder against Green#Your rival loses a total of up to 5 resource and/or food (your choice). You gain that many resource and food. Grey uses 1 military action #,Grey,Plunder,Green
337,2021-06-30 11:09:08,II,10,7493350,Orange plays Annex against Purple#Take one colony from a rival. You gain (and he loses) its permanent bonuses but ignore any one-time gains. Orange uses 2 military action #,Orange,Annex,Purple
338,2021-06-30 10:55:19,II,9,7493350,"Grey plays Raid against Green#Destroy one of your rival's age A or age I urban building. You gain resources equal to half its cost, rounded up. Grey uses 1 military action #",Grey,Raid,Green
