,orange,purple,green,grey
7472433,micah,david,xan,teddy
7472434,teddy,micah,david,xan
7473200,xan,teddy,micah,david
7473404,teddy,micah,david,xan
7473814,micah,xan,david,teddy
7474472,david,xan,teddy,micah
7474996,micah,xan,teddy,david
7475368,david,teddy,micah,xan
7475369,xan,teddy,david,micah
7476107,xan,david,teddy,micah
7476793,teddy,xan,david,micah
7476918,micah,teddy,xan,david
7477184,xan,teddy,david,micah
7477255,xan,david,micah,teddy
7477545,david,micah,xan,teddy
7477831,teddy,xan,david,micah
7477939,micah,xan,david,teddy
7478150,david,xan,micah,teddy
7478280,david,xan,teddy,micah
7478389,teddy,xan,micah,david
7479251,xan,david,micah,teddy
7479593,micah,xan,teddy,david
7479938,david,xan,teddy,micah
7480288,xan,micah,david,teddy
7480536,david,teddy,micah,xan
7480677,micah,david,teddy,xan
7480887,teddy,xan,micah,david
7481117,teddy,micah,xan,david
7481459,xan,micah,david,teddy
7481844,teddy,david,micah,xan
7482019,micah,teddy,david,xan
7482338,teddy,david,xan,micah
7482908,david,xan,teddy,micah
7483387,david,micah,xan,teddy
7484166,xan,micah,teddy,david
7484894,teddy,micah,xan,david
7485891,micah,david,teddy,xan
7486444,david,micah,xan,teddy
7487030,xan,teddy,micah,david
7488202,xan,teddy,micah,david
7488850,teddy,david,xan,micah
7489429,xan,micah,teddy,david
7489723,micah,xan,teddy,david
7489957,xan,teddy,micah,david
7490325,xan,teddy,micah,david
7490386,david,micah,xan,teddy
7490649,micah,david,teddy,xan
7491046,micah,david,teddy,xan
7491505,xan,micah,david,teddy
7492262,xan,david,micah,teddy
7492705,micah,teddy,xan,david
7493040,micah,david,teddy,xan
7493350,xan,david,micah,teddy
